﻿<?xml version="1.0" encoding="utf-8"?>
<f:Package xmlns="http://schemas.microsoft.com/appx/manifest/foundation/windows10" xmlns:f="http://schemas.microsoft.com/appx/manifest/foundation/windows10" xmlns:f2="http://schemas.microsoft.com/appx/manifest/foundation/windows10/2" xmlns:uap="http://schemas.microsoft.com/appx/manifest/uap/windows10" xmlns:uap2="http://schemas.microsoft.com/appx/manifest/uap/windows10/2" xmlns:uap3="http://schemas.microsoft.com/appx/manifest/uap/windows10/3" xmlns:rescap="http://schemas.microsoft.com/appx/manifest/foundation/windows10/restrictedcapabilities" xmlns:desktop="http://schemas.microsoft.com/appx/manifest/desktop/windows10" xmlns:com="http://schemas.microsoft.com/appx/manifest/com/windows10" xmlns:desktop4="http://schemas.microsoft.com/appx/manifest/desktop/windows10/4" IgnorableNamespaces="f f2 uap uap2 uap3 rescap" xmlns:mp="http://schemas.microsoft.com/appx/2014/phone/manifest">
  <f:Identity Name="Microsoft.MsixPackagingTool" ProcessorArchitecture="x64" Publisher="CN=Microsoft Corporation, O=Microsoft Corporation, L=Redmond, S=Washington, C=US" Version="1.2020.1219.0" />
  <f:Properties>
    <f:DisplayName>MSIX Packaging Tool</f:DisplayName>
    <f:PublisherDisplayName>Microsoft Corporation</f:PublisherDisplayName>
    <f:Logo>Assets\AppPackage.png</f:Logo>
  </f:Properties>
  <f:Resources>
    <f:Resource Language="en-us" />
  </f:Resources>
  <f:Dependencies>
    <f:TargetDeviceFamily Name="Windows.Desktop" MinVersion="10.0.17701.0" MaxVersionTested="10.0.17763.0" />
  </f:Dependencies>
  <f:Capabilities>
    <rescap:Capability Name="runFullTrust" />
    <rescap:Capability Name="allowElevation" />
  </f:Capabilities>
  <f:Applications>
    <f:Application Id="Msix.App" Executable="MsixPackageTool.exe" EntryPoint="Windows.FullTrustApplication" ResourceGroup="defaultGroup">
      <uap:VisualElements DisplayName="MSIX Packaging Tool" Square150x150Logo="Assets\AppPackageSquare71x71Logo.scale-400_contrast-black.png" Square44x44Logo="Assets\AppPackageSquare71x71Logo.scale-400_contrast-black.png" Description="App1" BackgroundColor="transparent" AppListEntry="default">
        <uap:DefaultTile ShortName="MSIX Packaging Tool">
          <uap:ShowNameOnTiles>
            <uap:ShowOn Tile="square150x150Logo" />
          </uap:ShowNameOnTiles>
        </uap:DefaultTile>
      </uap:VisualElements>
      <f:Extensions>
        <uap3:Extension Category="windows.appExecutionAlias" EntryPoint="Windows.FullTrustApplication" Executable="MsixPackageTool.exe">
          <uap3:AppExecutionAlias>
            <desktop:ExecutionAlias Alias="MsixPackagingToolUI.exe" />
          </uap3:AppExecutionAlias>
        </uap3:Extension>
        <com:Extension Category="windows.comServer">
          <com:ComServer>
            <com:SurrogateServer DisplayName="MSIX Packaging Tool Shell Extensions">
              <com:Class Id="6D8CC562-2CD6-4255-BE32-87D1C8BB82A1" Path="MsixPackagingTool.ExplorerCommand.dll" ThreadingModel="STA" />
            </com:SurrogateServer>
          </com:ComServer>
        </com:Extension>
        <desktop4:Extension Category="windows.fileExplorerContextMenus">
          <desktop4:FileExplorerContextMenus>
            <desktop4:ItemType Type=".msix">
              <desktop4:Verb Id="Edit" Clsid="6D8CC562-2CD6-4255-BE32-87D1C8BB82A1" />
            </desktop4:ItemType>
          </desktop4:FileExplorerContextMenus>
        </desktop4:Extension>
        <uap:Extension Category="windows.protocol">
          <uap:Protocol Name="msixpackagingtool" />
        </uap:Extension>
      </f:Extensions>
    </f:Application>
    <f:Application Id="Msix.App2" Executable="MsixPackagingToolCLI.exe" EntryPoint="Windows.FullTrustApplication" ResourceGroup="defaultGroup">
      <uap:VisualElements DisplayName="MSIX Packaging Tool CLI" Square150x150Logo="Assets\AppPackageSquare71x71Logo.scale-400_contrast-black.png" Square44x44Logo="Assets\AppPackageSquare71x71Logo.scale-400_contrast-black.png" Description="App2" BackgroundColor="transparent" AppListEntry="none" />
      <f:Extensions>
        <uap3:Extension Category="windows.appExecutionAlias" EntryPoint="Windows.FullTrustApplication" Executable="MsixPackagingToolCLI.exe">
          <uap3:AppExecutionAlias>
            <desktop:ExecutionAlias Alias="MsixPackagingTool.exe" />
          </uap3:AppExecutionAlias>
        </uap3:Extension>
      </f:Extensions>
    </f:Application>
  </f:Applications>
  <mp:PhoneIdentity PhoneProductId="ea61df10-740c-4239-bb70-2065d162cb55" PhonePublisherId="95d94207-0c7c-47ed-82db-d75c81153c35" />
</f:Package>