<?xml version="1.0" encoding="UTF-8" standalone="no"?>
<BlockMap xmlns="http://schemas.microsoft.com/appx/2010/blockmap" HashMethod="http://www.w3.org/2001/04/xmlenc#sha256"><File Name="Assets\AppModPackage_Blue_256x.png" Size="3183" LfhSize="64"><Block Hash="TDi3FQMaJppzzl4JyBboVUK591fq3Ev+VL42N9Cz8nw="/></File><File Name="Assets\AppPackage.ico" Size="35596" LfhSize="51"><Block Hash="xaktLpALCZa1+Vibvfi2kzDM9nKqQprE4cY2ag2XWTc=" Size="4149"/></File><File Name="Assets\AppPackage.png" Size="1505" LfhSize="51"><Block Hash="xEj1YTRodkTBa+KjeScHH+M6nUqgl+3qr50/y53BmDA="/></File><File Name="Assets\AppPackageSquare71x71Logo.scale-400_contrast-black.png" Size="2285" LfhSize="91"><Block Hash="0egYE/XReUnfAmRBB5ExEdMvHJU81iqBwe7h4F+mk28="/></File><File Name="Assets\AppPackage_Blue_256x.png" Size="1980" LfhSize="61"><Block Hash="gjgfvRHM43eNkhNiwdLjNYcpC22H1uAtaN7wuPSvI9g="/></File><File Name="Assets\EditAppPackage_Blue_256x.png" Size="2007" LfhSize="65"><Block Hash="RQtmyDXlG+K2xfDUGKtZn9Pk34p0Jfmm32GjAWeoDaY="/></File><File Name="Assets\MicrosoftLogo.png" Size="162" LfhSize="54"><Block Hash="7MbsUaD/KiwzFOP5j0fHW+tsopTnBWnNxFegX+cCjY0="/></File><File Name="Assets\ModPackage_Blue_256x.png" Size="1759" LfhSize="61"><Block Hash="JJAKJ1M1Xn+HRRY6F4HAx6CWeElTa2Bm6HrbFu+dC8s="/></File><File Name="concrt140.dll" Size="343184" LfhSize="43"><Block Hash="nSD191nHQykqZeLzJXDZulAcmigT+hV1SoxEljOXcr0=" Size="29639"/><Block Hash="9rMaK4ISohxop035dGJuImxwAB2nt5/uDyOWzX/y+wI=" Size="36501"/><Block Hash="PWWju2eCtjgkJfl4kYFYlTy9acpeqXlMtj5BmVVFmjY=" Size="35691"/><Block Hash="GMa/3KdDmGt+g5khqcN5GcoTIocYV5WiUvk8geScsSg=" Size="20886"/><Block Hash="fKkRZelU9wi8idPgwj9TBT/1jeaCGVIw9LP6cE+0EUw=" Size="21426"/><Block Hash="39IuThlUC/RQbXDBZW6MgvFp8d4iWuPxtKzcHiZeZR8=" Size="9918"/></File><File Name="de-DE\MsixPackageTool.resources.dll" Size="89088" LfhSize="65"><Block Hash="lltLuCl2NgDkobHlpy/xC4tW/Qi2719wW+Sxi/tenC4=" Size="20900"/><Block Hash="E2EOflDhDsJICtgxViXEYr5eCabnMFCS2XJoEwJvdeI=" Size="7552"/></File><File Name="de-DE\MsixPackagingToolCLI.resources.dll" Size="5632" LfhSize="70"><Block Hash="xttPtgMQ7ZlBSLCOIkLJEuLhKGXZNnAbiC7GTFjXPYI=" Size="2138"/></File><File Name="DesktopBridge.Helpers.dll" Size="4608" LfhSize="55"><Block Hash="d3yR4cJ7r4O5iUZfQgrLiYyiypjcdrzT/y8jgr09H5E=" Size="1903"/></File><File Name="DGSS\Microsoft.Acs.Dlib.Common.dll" Size="35200" LfhSize="64"><Block Hash="/RGCiYXUvtdPgcYkFRwGdNWVhoTrOJQqpP21fw6qypY=" Size="17342"/></File><File Name="DGSS\Microsoft.Acs.Dlib.dll" Size="55168" LfhSize="57"><Block Hash="Wk5QT+cLcnwv6+boKjLiT0tiy7ElZUrzXNekjI6Ab1U=" Size="25063"/></File><File Name="DGSS\Microsoft.Identity.Client.dll" Size="1371064" LfhSize="64"><Block Hash="YCvTTR9Bo3HbUMKkGHcLa01isKQhen8Gq812nGp/zqs=" Size="26343"/><Block Hash="ChLHRKw0rid5chrMQBNI3m+f3EHcXwgeEuepy6ryl60=" Size="29855"/><Block Hash="Xii+Jl84xVStmVRIR06oxYQcq8qWqXpUJk3xMTg3n6A=" Size="27036"/><Block Hash="ck+oeFxlJag6RI2TueSK8cwUfBp2R+026rcaKzDrjTw=" Size="29444"/><Block Hash="CzRgXLPkJVS6dBSQyDMWjIXlC4alDncLAVNe8DEYzP4=" Size="27401"/><Block Hash="qD+1Nih/ich4WG3DaNnkVktrqC/U+abXsn/T0jUgTUM=" Size="21677"/><Block Hash="ybrHVFMYQq8DRtR6LHPtqlI61z4MFK3SN2rnZA72ySA=" Size="25741"/><Block Hash="3jOOrjMfcwry2sjSyVVj6HfRJavIV0H1clk9hX5JIko=" Size="25266"/><Block Hash="SZomR0yqIj5OpAMfRXXMdQ3N/HR1AkE7EXlBIeIb88k=" Size="28247"/><Block Hash="IS806b3wt586Tpa6W8yCumW4pBbF/SQhA4YGQqpkGFs=" Size="28479"/><Block Hash="8fNm4qk+kZonaGqkW1rCXW7RlhFvKMSttBycaXxqRTE=" Size="15920"/><Block Hash="LnorN+D4dvJbHZCEHEVf44+UElS71WlQKjCUXmSKqZs=" Size="25236"/><Block Hash="PE6iLg/McBCoSd8I6NTZNogn8T1ttgqZWM5+US951vM=" Size="22190"/><Block Hash="74yLj1/YpMYhzqcDxYiiKTu5bx3yjb7z0JTmpKuQXT0=" Size="27199"/><Block Hash="R63MfokawOVYcI06olNsUtLddXF/lnhZ7PChyhiWkz4=" Size="17062"/><Block Hash="WryTElxfVNWVIIDiYlOpOkbOcFojEUXBPv5eFAze6HM=" Size="17877"/><Block Hash="ZNk3XyeOzaKz0Tbpg0mJDtjQQ1lxWsW5j/wlvUi1CaU=" Size="12777"/><Block Hash="0K4PdQqU6bCIVdF725xHR1yH6aNP9coK43e+q75cLj8=" Size="14783"/><Block Hash="h9cSydiAUCjFBDuLyukGvh9QnV4mKCIZskzNmfQEKd0=" Size="24033"/><Block Hash="W4i3m59J4CJisoBjkU7tGryCqbcqIzFZb7zRSpBAFJQ=" Size="21241"/><Block Hash="llQpkpkqrRDOhue04vt9vdX0yZXrToDB4nrlza6LDpM=" Size="17988"/></File><File Name="DGSS\Microsoft.Identity.Client.Extensions.Msal.dll" Size="53616" LfhSize="80"><Block Hash="HNFMhexx8A89RfMnJMFdKk+zvNH0SsDeZFJ/6dnxhEc=" Size="24391"/></File><File Name="DGSS\Newtonsoft.Json.dll" Size="700336" LfhSize="54"><Block Hash="JiAWdBT8K/m2bRJ3I4/ghzAlqWTLvtFqVT0mKR1Jsa0=" Size="26390"/><Block Hash="mtcJgHoJE3UBXG7uF1Of2oEcr6JDTHRXsx9Mrbo/vsE=" Size="29854"/><Block Hash="9BWWZ1CA+74IaLRcv4+f60S0scoDX7/b7442yXFVZE4=" Size="27011"/><Block Hash="fFFXcBRFWBDebCiCrGgh3nzqj+/SF0LHguss+whArDw=" Size="23081"/><Block Hash="PZBQ8WNP/mxXc8MLchbh8j/wHBN1DrSWP60ghhIrwwY=" Size="27374"/><Block Hash="VdUe2/QrzwZdHwO3cu8Iofwtu9CMpijsj6ZF0DF07GI=" Size="28226"/><Block Hash="YYuRxCLhD1JM+Bza0bTAkSzp8Dju9Hal/SbYgVGMaFc=" Size="22264"/><Block Hash="rNX9DHV+phB4e/hWqzViP6R2f6g7lClVMLucVWe+gkc=" Size="27180"/><Block Hash="Xz3eWMQyguqzyURxutZmVagjWuQC/SQLXSLSiyVhi6M=" Size="16387"/><Block Hash="5D+co+ExaF0HuJWSnUokxOwBOtMmXHhns+HkZiwcHI8=" Size="18485"/><Block Hash="8UqyFvJ7Ue8vq0MqsXGmBNnK/2pwlSEaSsXYWDiJQO4=" Size="18872"/></File><File Name="DGSS\System.Net.Http.Formatting.dll" Size="178808" LfhSize="65"><Block Hash="6B7xobr514JwAMkwcCIwnDAvdK7dg/84EpOZA+Jezvo=" Size="29363"/><Block Hash="2/5IVcUzSGMhaYqeRmrFOWHJgJXQUdpxDEaTlxDHl3c=" Size="26050"/><Block Hash="1hlNa2N+LoqMrtyRDQ6/DTBe2Wc1V1BOS5uFumqayL0=" Size="20313"/></File><File Name="es-ES\MsixPackageTool.resources.dll" Size="88576" LfhSize="65"><Block Hash="ceQD5tcz7UgkJzpGVtaynhZ5Z9K/EfFFKfGVIKaQDLc=" Size="20527"/><Block Hash="dALGLloQBndy3jbEOXsdpGc3EK8gurAaztyaxBv+zrw=" Size="7147"/></File><File Name="es-ES\MsixPackagingToolCLI.resources.dll" Size="5632" LfhSize="70"><Block Hash="Al50n6WM/K7+dV4kqBvXxIqyi4DSy5oi2bNVynxDxRU=" Size="2114"/></File><File Name="fr-FR\MsixPackageTool.resources.dll" Size="92160" LfhSize="65"><Block Hash="muY4rwRv8/khzVsHyI0EK8E0hucDrxXJqVw/Gr0drsE=" Size="20268"/><Block Hash="gqkSYFUL9SPvrK9B2HD/dwbnmiY2zhoeABu/qtikiik=" Size="8282"/></File><File Name="fr-FR\MsixPackagingToolCLI.resources.dll" Size="5632" LfhSize="70"><Block Hash="t0ggD0h4p3B3Mb7boYeL4PgG56/bAqM9z8Oquph0cHc=" Size="2147"/></File><File Name="it-IT\MsixPackageTool.resources.dll" Size="89088" LfhSize="65"><Block Hash="WOG9lvAcIqhCUzHvvjKbCROxnSryEccQC8gefZMZObQ=" Size="20417"/><Block Hash="7SGKPd3C1od9RgxeZM0dq66qRKUafazwBs/cdtS2va8=" Size="7239"/></File><File Name="it-IT\MsixPackagingToolCLI.resources.dll" Size="5632" LfhSize="70"><Block Hash="naQWQ4twN2l74voOnHOD/heZj++G32QuzZWCuflYswI=" Size="2121"/></File><File Name="ja\MsixPackageTool.resources.dll" Size="96256" LfhSize="62"><Block Hash="jdYfqDHEoJijF5jDAxkcwkoOecxzgV0HsPO67Vr0W20=" Size="19353"/><Block Hash="s0GxQJNAZKHw2YM04aQhnEgvknzbRF+CHWTbarIUpCE=" Size="8698"/></File><File Name="ja\MsixPackagingToolCLI.resources.dll" Size="5632" LfhSize="67"><Block Hash="nLjDOWfViOpuo/xvVtmZY1WxXXYI26NN1ItyDC2WanI=" Size="2231"/></File><File Name="ko\MsixPackageTool.resources.dll" Size="88064" LfhSize="62"><Block Hash="f5GICWjqFccqXf0ylnq0EEUmsyCc6229R/tRDO3GbDA=" Size="20208"/><Block Hash="hAmZeHU1cD67BMoc0Sv7UM5M0FAkgFLK/4SRZKtbOiY=" Size="6830"/></File><File Name="ko\MsixPackagingToolCLI.resources.dll" Size="5632" LfhSize="67"><Block Hash="6L/N2Awa2RBWYXbisyZ48QpoZsAI0vBYj9Urnm7bjto=" Size="2204"/></File><File Name="Microsoft.Diagnostics.Tracing.EventSource.dll" Size="170288" LfhSize="75"><Block Hash="KhiWNhSpqX1qU88WdawLlxBQbnhdJ+GuG9h5oodHYFQ=" Size="28760"/><Block Hash="WFuXg+f1SKoBZfzLorMQAgFvisZ7IB6QqS/ALsbR4ow=" Size="29288"/><Block Hash="LyKzH8DO99G1ci2vSxdsfQBCagpRz1ABNhvsFXWsRvw=" Size="19822"/></File><File Name="Microsoft.Extensions.CommandLineUtils.dll" Size="31224" LfhSize="71"><Block Hash="CmAtW58Q+lCGgUGqkwnbpq4QsbdySb+6ieYqPPu8Ye4=" Size="16211"/></File><File Name="Microsoft.Identity.Client.dll" Size="1288552" LfhSize="59"><Block Hash="BcP7UJlbSu7yY9turg0YOu5tWFUFejgGUVngB1Se3Ts=" Size="26142"/><Block Hash="DtPYOxIKEQOejw30rO7xJfRznhEAxMf7QmfzbZe93Zc=" Size="29859"/><Block Hash="/vrcq2IrAo8c2w7sNSZS4VLl7cvKc1BE7sVs/xXJDKA=" Size="27011"/><Block Hash="G0unDdZHqyqacj2d63bXndZyXAZTHNo4lbZYUn2lqlc=" Size="29209"/><Block Hash="LWBynyLI4mPSyov6ADIa279YW1U81rVhWckVZVBDKIc=" Size="26501"/><Block Hash="24ArSjUcrUXhumERf7xmBwFV4IOWXzqmZBZCBC5gr6s=" Size="22265"/><Block Hash="4BoU4n1SwgB9SxXdm54cOAwODdNs1hnvVwWCES03Qgw=" Size="26969"/><Block Hash="E6xwNASTiYzOOxKMaCTTEG1ZaDf30x0vj2jiHaETloY=" Size="23488"/><Block Hash="P6s+9bIc0soyNlDY7sEi1w8pFTt9Te15Zlk/LN+bxrY=" Size="29944"/><Block Hash="wQQjLRgqUehzek5h2wpJTMgcCCAcjJowgT14qiVeNaY=" Size="26323"/><Block Hash="CxM5JExDjb8qHao3I8d76IBGu0J+wmDuD1M0og9Ho28=" Size="14438"/><Block Hash="+ZW7dTFuU19z5ujOt7KC5V70FG5ekTDfDNygPBhlUSE=" Size="24681"/><Block Hash="4MiRsAd2VqEOzP4EShfOfHRKvohSA1s7JdfEQb5Wvac=" Size="29889"/><Block Hash="E7L1zBHaM/AGNihfpiPkKwD8qhkqOuVlb68TZg3T/kI=" Size="17321"/><Block Hash="+FD15eXtWH4bnbMQUSfeU9YSSYwsCEvWEGVLEqYcuuc=" Size="17621"/><Block Hash="ebVXIQ1SEbWD467u5W39E0wowRiyYKPXWZKlUeMUcCo=" Size="14501"/><Block Hash="AkxZeA4vVZ+6p7q2l3Yeb7wFl7R6kHFIIwWtz4iLki8=" Size="14816"/><Block Hash="9RHvhE16Xh5F5dNN28cOtwOgxWxDUmQFy4unpTd4Eb8=" Size="23733"/><Block Hash="yC1d03KTA7cfB08q0ngaTDnbdnjAE45RJYmA0WUg0UM=" Size="21533"/><Block Hash="aMveXYWgl2FEzuT3p+S2MZPm0tuzg9LfKfiu8k2chYE=" Size="14084"/></File><File Name="Microsoft.Msix.Utils.dll" Size="108032" LfhSize="54"><Block Hash="RgqH0nJGFxdHcfxrSbiBIAPP4uzZDchW2v9+U079dE0=" Size="29285"/><Block Hash="Rs12sjWSBWsgL81xHLIXHeapBzS/YTaW2DMaGNH3omM=" Size="14107"/></File><File Name="Microsoft.WindowsAPICodePack.dll" Size="105984" LfhSize="62"><Block Hash="kvXOwEdsLG9G76+jc/lnyPAW3aiXLLfPY3cfl8aosW4=" Size="30057"/><Block Hash="Dbcb51QkajJWjz76eGC15vIXYhMnz2hLZddPFFxxtuI=" Size="13318"/></File><File Name="Microsoft.WindowsAPICodePack.Shell.dll" Size="542720" LfhSize="68"><Block Hash="brCSOZqzYY5+Syb4yAieebRdM79hHEDcDnRzZm2ZquI=" Size="19647"/><Block Hash="1jSpeyGudXwChYMhB+z2TiPlXLkZKAZiDBldzmqiFr4=" Size="11147"/><Block Hash="l82o8uAUuj8iY1ciBEyztRv90iyiTvmY40NJGvG1Jjk=" Size="20586"/><Block Hash="xtfLPJbOcL7NI2uDhLNtAFcAkiFFoRDfafSRUNkTPjA=" Size="26818"/><Block Hash="ju6rqmvtTm49+Gqj7+i5HNiwOQ5evLIMREu1D305xYI=" Size="23799"/><Block Hash="DdnrP1hz5kPpT82smGTsxvZTIQ6/OIEVnurwiVNju70=" Size="27253"/><Block Hash="TxDUZ1Mo8Y5quvxV/jIrx6ChDCR+/C8thSGGzJm0nmQ=" Size="17771"/><Block Hash="yMTiN8PNPPffZf1VXjDbQJ/6J7c3ZnpyhNhCFFzrHAI=" Size="25116"/><Block Hash="t0qe/ui17aDcRw6sDHCD5mx/vSGapfQcPLkV7NDEZoI=" Size="8977"/></File><File Name="MsixGenerator.Common.dll" Size="92160" LfhSize="54"><Block Hash="SATHzT56i7T7gvscRwPAWAwy1SjYQA7nzi2qyfbK1GQ=" Size="30961"/><Block Hash="EiTU0cwKKBTZJVurwNdTPayegufnRJFKvJ//iyg7FnA=" Size="10591"/></File><File Name="MsixGenerator.dll" Size="664576" LfhSize="47"><Block Hash="mz1mumnF0cUEaZ8ApSEDDm6nKRTxJwFYjS/drEsfknc=" Size="28447"/><Block Hash="5Fr9eYQNlOjQKNf/yC8BQDph98VdF4mKXIWbXS1P1MQ=" Size="28369"/><Block Hash="Ne+NssFN73mhA6aW/LP+qJQMalk36QtXAlI1uZP7Kd8=" Size="28596"/><Block Hash="v0hWHKOE7AzUmmo7dRl7ybA8W+3zcMC3nbe2HdyvWsA=" Size="30715"/><Block Hash="BO6WjH9839t3AmozLgpvXYs+oXDId31XlBUQd4dgqkI=" Size="26061"/><Block Hash="O9ltGhIAB+XDBkAEzf68Al4/MYmQaYayIAOC+ekpfog=" Size="25154"/><Block Hash="5RJgb9QYREAFSuJZ3fzqCI29gNrNVy3XmHebJBqAd24=" Size="18531"/><Block Hash="Xon+6mphKlj4b5j/Aj7suCy2tPzatBMPXRTI1DI809A=" Size="14495"/><Block Hash="KSY4MeTyGvgcTMLJEtgBTJ9/JVPqtAs6Dp8nWOuntcA=" Size="19053"/><Block Hash="0can+x17bkBmUXV/5YlLjWQN2cvBI1R4rG06e+2CwXw=" Size="20644"/><Block Hash="tPArm++vB7H0sbdRPdDDrzmc5oXwMs/LSWafMCsz+ps=" Size="5073"/></File><File Name="MsixGenerator.ManagedCpp.dll" Size="5222400" LfhSize="58"><Block Hash="yxtcTcQMS0vEsJh16Lggte9lqxm5c8obMGr9P2di4IA=" Size="5498"/><Block Hash="iDfrIe39r60X1r4XU36hJi7YvvbJ9oHbHYR/GacxPuA=" Size="16232"/><Block Hash="uaG3D8qGvK7Mm83qSpA+WE9eKjHYgMqe3TwHhybpFCc=" Size="21558"/><Block Hash="4H5F1WQ9Dp2htW2kzXR73Y6Xv739xqWUrlyM1uSefYk=" Size="19670"/><Block Hash="Owd7ETMd1h+nssNyS32wgaxyD8oRPMCTfQ2CGZP+iPM=" Size="21071"/><Block Hash="2LagR2EsX0ufV/GLzHHzioFE6ju3LvN9Hi7VsR+RvM4=" Size="21584"/><Block Hash="OvmFlfvNqXC1UZFkVmruJCbcOZQuXPnduZAEcVNPLuA=" Size="18733"/><Block Hash="4gZe6Am98/WwActe0BcK4sHvGkVRzomfmU1rhA+ighA=" Size="20885"/><Block Hash="KARl8bGXlITrNkWkZoGjC24AWaFjXcLGx3VYgue0SDM=" Size="21405"/><Block Hash="Tk1hIJqJLj8sqfGe+2VWz29EzfI0tpcSQnzEvB2ctYE=" Size="21655"/><Block Hash="/LRHnT5UOhsS0DHuG8b3jVyNuOvvUAGPWmpOZHyICjI=" Size="23194"/><Block Hash="7hQLLtM7yIsNPO4Zzm6Rs/1lUadlXb+Bg4Wjx5AiWsQ=" Size="12206"/><Block Hash="2lwf0LUXJ0oqeKOpyAllMAiLcI4MN5MPkCnoo7DYyzE=" Size="1055"/><Block Hash="F/cNbuc35tkak2MXIYcAQoi5927T6MWGPbbGGMAc4GM=" Size="7093"/><Block Hash="9OaLn1FIbyw4q2HPMG+U5/A3nf872VIhHVpsZS8DKeQ=" Size="14821"/><Block Hash="6w/wPey3WAeXfq8c9krp5mEzXqi2lx6XPcDmRp8PQUo=" Size="26188"/><Block Hash="XgHC5d86Kl6+nWhnucmteaci03f6H+05SpLZVwCQ8WE=" Size="33819"/><Block Hash="gJlv0Uajkhf5SrtIIpned3TNCbY6VPOh6tI5d+cPI2I=" Size="21231"/><Block Hash="mZkzk2WuBgTBr2iz2foJnziKn96OOQDAjOmq0RPlkF4=" Size="29727"/><Block Hash="R5wT5FT0/F7fF+HyoJQf8BwjxUfmlN0SJv7rzQ1FJ0E=" Size="20461"/><Block Hash="HYhG0PS8//Pu91fOCUhujsKvnWaRxKjSmPBYs8/Nfo8=" Size="30940"/><Block Hash="9lHRF6WQJVZs6S6Aahh0UfufbHY1gq0ZSrGXDmsK68Y=" Size="30585"/><Block Hash="OiGTW2dMgkricrSKZTZpDyE/genbNdWfGZMEReYxqyY=" Size="10855"/><Block Hash="9zgk52z+d5qKWdUToHO+EkWDYj7U5BfbqQvrHSuivhE=" Size="13680"/><Block Hash="Ok5MQ5yTRzINdzYf7aWrPrlmF/0fZk3NQruFFg0buWw=" Size="31448"/><Block Hash="R2EdwiObBgwN6E3cSAuGKONcnzvF4WxDHg3fqlnwzLU=" Size="36111"/><Block Hash="tKS2q0A7CrRBbGsm1Zc7o8VnPLpl/+EBOkaxzoErfC8=" Size="8497"/><Block Hash="/I882G/gcd9vgdW15sso9EDsdSADWu42jufWXL8Tpuo=" Size="7185"/><Block Hash="c1nRCRYftbd1Fvugx6xvZoJSTZfyVngI4txKV1tQVGU=" Size="9285"/><Block Hash="ZjNB7bsyQ+V+00OjiasGlNfp3LOXe7jWv2O6EnTFih0=" Size="5370"/><Block Hash="vJWhJvUe1hM2tefSKjP+/+e6MDJB0cnRs/lXR0RE2ck=" Size="6790"/><Block Hash="i3PbY8Y7PWuQMeOFO4kGGgFzdwyBKGzWUDaU6u9q5OM=" Size="6299"/><Block Hash="kgxEjNEyiS5srf+8TtvJZJqYZW+KSD/IWbiP9+rEfR4=" Size="3500"/><Block Hash="eUiA/iE6EDQot1bYp40EzhtuBdjSClPx/1cKNoivsUE=" Size="5425"/><Block Hash="8ZS/yqzhQAx9fUaRgqOLf6+L/7d4zYRajOmr+MyrR5A=" Size="3015"/><Block Hash="u6tWePyYwToQwpuV3qLDKaomyFpPPeG+f0wNuKIJDYQ=" Size="5164"/><Block Hash="GAa7NY66/BvzOwkacuyBRyVxV3T6kJDk/V4v3ZEutJU=" Size="4380"/><Block Hash="1q9r+tPZalIMLsFk00YYVSskfcICMjCKwmSXtaL5kkk=" Size="2406"/><Block Hash="HV5EUYqoxJHyIDwxnPaL0MGdoUrhf6Sw8Z53TSs5y4w=" Size="2781"/><Block Hash="nSIwN6E68zPlbhzO5DPPHZodByNZEM233d+E7nOYt9s=" Size="3749"/><Block Hash="YqQGzH06QHz/G2uijhmrfvEUesvNSblJnJ56WjWVijw=" Size="3514"/><Block Hash="JmX7ydV0n93/u5amChjbLbcAP8LyZbSTc9HDYaywPM0=" Size="4121"/><Block Hash="znPUffFFM8d2iEBv07veWSwdbEBaXR7lnRoi4xlWD6s=" Size="6952"/><Block Hash="f160sHVkOHcJzZ9K47pW3YIACLZuzE8g1BV0m+jJqsk=" Size="5393"/><Block Hash="nSaMN9WJ7ihSluZNmRErIJdysSIGA1nIwu5EHODkAc4=" Size="16163"/><Block Hash="cVWYMQCsgKThPQdlS9kXQvEIwfaFXWw9RS/BAJvMlhk=" Size="19607"/><Block Hash="LrTpfn00B2cT/ZWG8upB7/PUnxPM+8muieBP3wl4SH8=" Size="13840"/><Block Hash="4oEMQBKPRzh1p2AlpGERuDCrMpUv2iUZeSnCMGp2QMg=" Size="6855"/><Block Hash="QnlX2jxdyOloPZIYypSv7vh/uSssqY6ox8glkbhu+hw=" Size="3741"/><Block Hash="cpEYwck/O+bWAPJucccn32sTqa8NaF2o+jkk21WrAVU=" Size="5444"/><Block Hash="CBI7InBIXchiLvDikMpvtYZZJLrEID5gc+qhlvhK7NY=" Size="6751"/><Block Hash="azt+/oOqQnFz5nGffoKw40roMyVwfL8B7GKwzDlqVyc=" Size="8790"/><Block Hash="+JcOWT23WlA8TQcUwUYwRaAe01cDizX++XXtk9XJWa8=" Size="3437"/><Block Hash="ZXbbCuN26xRqMroCkv8O3xsRg7q4ys6ToTF2B1cidkM=" Size="4363"/><Block Hash="xiYVuwHd3oX1Ai0VIM/8tj+Vo7/iYxedLoVd9XTpJh8=" Size="6998"/><Block Hash="Nc4AMM1jhRPZLH2Hxge1Goev/2VspueNrUS3UEL/xpE=" Size="4551"/><Block Hash="PUybE59pu7JAvJdU1zptxiF3Ob1EWIXmbP3HBFjS7Gg=" Size="5552"/><Block Hash="F6S1GM/M0US/LbBwobJZnM69IPNpzY58WpJyxcVSSic=" Size="8498"/><Block Hash="0En+DJjcWMgLYXIPbyd8tp+tsKVfIFZPDCKFleiO9Io=" Size="3053"/><Block Hash="c0i85mZD6T0HWol4SCwb8lio/oYhmUFtHQTA+90lEPo=" Size="2724"/><Block Hash="thSYgLCkEud36jmoTQ4WE916qCMILaYQlDrw9i3sCUQ=" Size="3178"/><Block Hash="QiskQY6QspD/HGePApa6hNFxGokK9dG4Wy+v9m4QSHk=" Size="4109"/><Block Hash="OOB2sXPkpJnsA6qEDwLPdO9a2KHOfaq80lE1Ub9UX7U=" Size="3802"/><Block Hash="0MW0gD4WPP3xtb0IQRHhoAS//rT9v3uV0Vzlk2AVXdM=" Size="3857"/><Block Hash="ECgNtTIaRCQ7VCSjYihUc+PZ4WQ/QaFcPbF5zwC/Vls=" Size="3877"/><Block Hash="ZbakdNprs2BulJ+SpiKoIqFdXGWF7n2aWDEjAMwNafM=" Size="5771"/><Block Hash="9JILfGw0pi9EHzlAqRyJUbgtiZ7QOfIEHttRNW1blIQ=" Size="5983"/><Block Hash="K/8K+wUJJd+nssH9+Aa8wStEsje8AeJ5q8L8GWNRs9E=" Size="8771"/><Block Hash="EDJUJUnG9zkegXB/grr9ZnLAb8U/m524kpjr8lK5Ipk=" Size="4016"/><Block Hash="lTZxRu2Oxn5A881+pZwKgElzb1QioFEbNP6E96tWOUU=" Size="8833"/><Block Hash="Q3tYNfnGJbW+iBo9ahhXywpIw/9Zr7FX76lU2nBYnHc=" Size="19633"/><Block Hash="IctDKI7Ut7y63ixHYM8ZgJQzM2b7CEdAGtKjAQpdm6s=" Size="17429"/><Block Hash="/Un5QgZoYEwBK69HbGayhzV9OmcQJ0vN0dD6owdVh0k=" Size="20905"/><Block Hash="SawBjHcbyN0ZOtIIe29cbn5FUDDsPvG+EuDjRCE9j6A=" Size="23488"/><Block Hash="nPiOo7P4143EAS6WKXGwdu9PVmqv2QwNahIPhK1WVy4=" Size="18907"/><Block Hash="mtdlzpyUGa9RJdl0CjicT48C6ZqtvGf+jG4SO77WoOs=" Size="11297"/><Block Hash="txuMTJhVmGiaxiX9eBxGnmL+e6f5z7C4T3pZHJvekEg=" Size="15753"/><Block Hash="GiL9H1lME4r1S6X9fKH0qnx4pSWjdHIEN6THSH7pu5I=" Size="8651"/><Block Hash="ZGRY8141NFvAM9LndcgVztWPM/AiLxGMBa2XRvb9gc0=" Size="9812"/><Block Hash="PFvSFl7voKenRjbdIFRJ4KAfP3pu2qJtLXhSNq0YZyo=" Size="3157"/></File><File Name="MsixGenerator.Tracing.ManagedCpp.dll" Size="222208" LfhSize="66"><Block Hash="6dHjS0674HSCnjSQqFXmKtVSkX8C0EOXbHsWJHqkT9Q=" Size="22385"/><Block Hash="tgPHE5IpwhnNVZTMm1t+0Vt2k2zdBmJfj2pfORR3gDI=" Size="21707"/><Block Hash="pe/WwYVkEL1+N3E5XTT5YagjDmLKunPqyU8J4N3zscs=" Size="14802"/><Block Hash="41l4aoehJZkXJ8C9pYJiLPqO0qijR9HESQUJ3EQx9zI=" Size="1148"/></File><File Name="MsixPackageTool.exe" Size="1030144" LfhSize="49"><Block Hash="IkPVZrBx6Lqkl99CSumKGB6VcLok1UTQ8gIlQ6IWfLg=" Size="20489"/><Block Hash="Tb3KrO9JBM3+nFRRkL6htSBLj/pL5/Ejef+lxCn4UlM=" Size="24945"/><Block Hash="b8McI1W9Dd3cmNS36JOTpGQ199eW6ixvV+GgFzh3/RY=" Size="28241"/><Block Hash="4eLNlZ9fnWwi6dD6LKmhls1nWt9oJTOPYwSoozZTcMA=" Size="27043"/><Block Hash="3LsnElqyApJWoe/2kRdO5nk3DRqZnnpHI41iJUX5FX4=" Size="25778"/><Block Hash="fPKTcaiy3v5Gr97QGNbeiv7fr8c9lYr/Gpzvztu1J40=" Size="17816"/><Block Hash="vvjPVwt95JMXnKlG+SFbOWp5nPTcHKBeeUr/0q+G274=" Size="15507"/><Block Hash="lKcx3YUWLtGytlZRXbX7OccVV0yY9zsG6rbXuftDQLA=" Size="11478"/><Block Hash="qZVyDLmJXcy3xd/s/xHtA+GV3lYiXOzK9/n+HZ0Iryc=" Size="19255"/><Block Hash="7kCZdEbSlwM68fHtO6cIdn61n4q+l7dKUR/2GJiBUc8=" Size="19460"/><Block Hash="DC9RtGFBxq0B2nNGK932Rjz8JDHAYnQYa5NOEkZcN2M=" Size="14517"/><Block Hash="bJyuvPKzJpaJhppuxouN44B/bnXj+10Mo9k5t+zEgPE=" Size="11146"/><Block Hash="1suO5nX6EydiBj57nFtf7LT2wv1BZ7siyTysCzrruF4=" Size="12448"/><Block Hash="MzEkRyYccmu6KT+e2NjVaY0+oJilAHhqAz+oeiHxJZI=" Size="13550"/><Block Hash="6CWyLKn86a2g3OXxkDYpcKaM4FHKqoXppfDofsRjZVY=" Size="21379"/><Block Hash="qM0qlM0HGhQJhonmEVJqkF++34qq9mzjBSEVC2SQtKs=" Size="8178"/></File><File Name="MsixPackagingTool.Common.dll" Size="97280" LfhSize="58"><Block Hash="VZ+0piWOpUergz65TstyflbKPdqJqaCCWhpuTk6G3SI=" Size="24858"/><Block Hash="YGA5ziu38iuFA27A/h+c9SqX6yGDESRIkm/vdVAcUl0=" Size="5842"/></File><File Name="MsixPackagingTool.ExplorerCommand.dll" Size="31744" LfhSize="67"><Block Hash="UJ0+vmE9bT+H5o2SszoExOuD6k01sIFCHZ9DxcgRvaE=" Size="13037"/></File><File Name="MsixPackagingToolCLI.exe" Size="43520" LfhSize="54"><Block Hash="LH+er6CF2QrvODon8bnHVstnDxtuZgR4repn3kdGct8=" Size="16698"/></File><File Name="MsixRemoteServer.exe" Size="12288" LfhSize="50"><Block Hash="co+ZjhxeKJe0eXaiNH6GtE/OqfWlHoyrnwWwxE7331E=" Size="5417"/></File><File Name="msvcp140.dll" Size="675984" LfhSize="42"><Block Hash="ZRAhZ4FEmD0AwqTQE24Dh+2lJol0KM57TBVwgez0s1s=" Size="30836"/><Block Hash="2diW/ztx21Wos74O22OCqtbTXHNiMZ+RgJKegh4Ke/A=" Size="28001"/><Block Hash="j8HPkkgTu4ZK1snDe/ns19BcMdUC13zAlt2MAdiRiog=" Size="21148"/><Block Hash="nAgoirFxaDM4ptUrWM2yqfLAVNJfsagh1dpZ+4BnzJU=" Size="24831"/><Block Hash="c/mlzCjCNR33EtzRi/Lm2uTW/j6W4EhSQDpGb5rQfb4=" Size="14181"/><Block Hash="NvSgfsZ7IHTM8KtmC+s+2bNEMxDo6nRt96wlCvDiS9k=" Size="23195"/><Block Hash="4PD53cnwpayHXKqquwABG00q8nNzY2/zv1T8Z4snAYY=" Size="17630"/><Block Hash="hcK1V8TQTkYrcL3ozW4Tru5F6rjOCoaZsNmCQQDmfb4=" Size="23399"/><Block Hash="NepLjKrHrWTPIJ+WLZ6DNa27WecqQVINF+YkSwbEYPc=" Size="5709"/><Block Hash="/Rnz8QLY7yXWSCvkXT3r+Ltau6fo7WU4XyBNRhQYcQg=" Size="16415"/><Block Hash="Wp52Vc3ohUfZCgvsOGQb2nGKF25rluZO9AF294a+zwQ=" Size="12532"/></File><File Name="msvcp140_1.dll" Size="31896" LfhSize="44"><Block Hash="SUb7v8aTfc6nYPNbHiFdDHg08Qxj4Tq9JC0zLEB+y8M=" Size="16925"/></File><File Name="Newtonsoft.Json.dll" Size="675752" LfhSize="49"><Block Hash="DwTodPHQE4tFh/p8bNieboI/O1JYiEY0ToEv/1cGB8o=" Size="26090"/><Block Hash="I9IV7oiVC4WNhYH/PcZbLSgc8yQ0phO8e8Hzr9wjlZs=" Size="29955"/><Block Hash="WUes6YcdlN5NMHfRHAuhXdGbwpepphHKkVkwgCfyxso=" Size="26992"/><Block Hash="802J35KLAY/yhTlNuJSsXWTNEt8ggXCxU08wzPk3r5s=" Size="23112"/><Block Hash="E6kdMsqTpnpWjDkeWp4dMq1baLCVcl6vRFPXcamg5dE=" Size="27293"/><Block Hash="zOT0QlMSEO8qrAnC8sfrvuyf/A2xpZ+I1uFDAfZ8/I4=" Size="28097"/><Block Hash="bUoL95bgONyLkuWV312uEqTq47C5zk2frOatDIRd9Ns=" Size="23943"/><Block Hash="hsF5TDA/i4aBqei1ls2fbaHpQ+gQmEY+4OZ0bJ8iqMc=" Size="24440"/><Block Hash="HkbzSBx+dKLCyMmuQLknfQRiTkF4sgiDjTiDr+MlAzk=" Size="14369"/><Block Hash="8mxkx7lake3IWXSK/y03km/zv9OnE9yL+GUm79SnuNI=" Size="23505"/><Block Hash="DVNm9t70bZVFTS52NCc8wzPofLiz8bjPaEwK+jwHy74=" Size="8962"/></File><File Name="pt-PT\MsixPackageTool.resources.dll" Size="87040" LfhSize="65"><Block Hash="cf3venDDdgehul3Jv+RSQv25DXmLvaJXLs2EQ1UlV34=" Size="20690"/><Block Hash="t3Soo/RCxZYxbDq1BrVZIQzJrf0191Qrc1YiX3AIp1A=" Size="6826"/></File><File Name="pt-PT\MsixPackagingToolCLI.resources.dll" Size="5632" LfhSize="70"><Block Hash="tjq57ImMfzmzXeZor/BLTyFBx2OUnJTzZweikQckS+M=" Size="2122"/></File><File Name="ru\MsixPackageTool.resources.dll" Size="111104" LfhSize="62"><Block Hash="xslZuV/uGHolsmn0fji5ado0ed9kNP5Z3t3ibula1Gk=" Size="18865"/><Block Hash="w/zCcOeIUUa3fH2kd6CfAVY2I7/F4ALBLIDV8fNyaqs=" Size="11536"/></File><File Name="ru\MsixPackagingToolCLI.resources.dll" Size="6144" LfhSize="67"><Block Hash="n8/oCSYwLlhZyVKESIP3th7/qf+R6UrDVWOtjOrIaoc=" Size="2301"/></File><File Name="SDK\AppxPackaging.dll" Size="1754112" LfhSize="51"><Block Hash="xTbYXuFHwAQhGfwBnG6PojmoFnTYOfsbB1ejUXjztfc=" Size="29457"/><Block Hash="kIwsssBoD98kHDmtfczX/o8IckM/pKpvoPU426Ci0D4=" Size="33110"/><Block Hash="70R1BK9DBButkRu3yinBXxgtVjYc+DKa08kU8cRSjLE=" Size="31732"/><Block Hash="TWfq+8uoWtGVjdcyWwdG/y0WHsjNbkvwPGH2AoE5b+o=" Size="34299"/><Block Hash="uoeQjC5fliqS204D5z5C37lruszj4o7XfXLxVPi/KVo=" Size="36663"/><Block Hash="S/I7cx1MVezTase02nc66fuwJvCAsgpIYAtv7zhk1tE=" Size="35223"/><Block Hash="2wShuHkdDlp/fo+AVb/ApVc84JVl1Og05O7U6pPQpSY=" Size="29651"/><Block Hash="mhmFczC0Lig4PEoldgAlTsuJz+WvbKkfgbtf/Vb+xqk=" Size="30410"/><Block Hash="pktwjYeZnDoSl9uKYzFN1yQ49ue38IkRmpNnzyCjrAo=" Size="28342"/><Block Hash="E/u5CUyTVdAAz5fgNLiZql4QpdwizLQFKiVxhp0nFg0=" Size="34059"/><Block Hash="emNhgEq3ZXVUOStOsPXBeJfkG7nzlM6w6XcyeHk0fGE=" Size="34118"/><Block Hash="0wjZZPV+onrDYG74wqbLuYBtpwHLa/DC0zETN9LwkSo=" Size="31314"/><Block Hash="3Y300db01tu/m6cT6L5aVHE8JNHlBxu2bVMQrqtGJxA=" Size="13869"/><Block Hash="zAUo/pXYHXrbaCXn7xZd8Si2T5OKm1juDaRRjWqJzD8=" Size="7054"/><Block Hash="b+e/we2ZuJa0hpnbU3OcUf6088oYFE9YbqydYQ2GbZg=" Size="16455"/><Block Hash="lse0YV83zmb1bdtG4n2sGtzH5n7+E285YhlzSUMNrJQ=" Size="40525"/><Block Hash="Jajrs9LD0Z3jTtKWudHREQ8KsYXrydLVKOzizEKE6rM=" Size="24799"/><Block Hash="ZWyNN2FuuVzFVm7GiBFnqI68rZRURQC9w4cUsFt2TGQ=" Size="5591"/><Block Hash="t553qs5TWJuv80hJdxIF8wfbkWo1IzBOcpPlhTEKH2c=" Size="7141"/><Block Hash="EWwXfczxp36nbC7B9dVNzhBkBXuGf5rRAdzTy2A1aJA=" Size="8170"/><Block Hash="R+piYCI+CiHkqZUF8zftmzD14UrsfOooU41Inu4rgr4=" Size="6802"/><Block Hash="a111BgNk/6venYjd91w/tnfJslXr4LzDnkGM/1//7mY=" Size="7118"/><Block Hash="/jnYAvg67HaLPz44OIoRgA6xpDNdE4W8ll+pHTPXwcc=" Size="7325"/><Block Hash="whbE8PeY+apIBnJNccS2JdNlfN8PFElCSnU5qZRHdLY=" Size="5136"/><Block Hash="evhbvnv6UGVwI+diiosyap7hVauTJVIgQX9w4O9zAU4=" Size="6012"/><Block Hash="v6qQHUD6xviU/gAjsQHSIvj4hhDyg45YODUsjhOY5bw=" Size="8001"/><Block Hash="OOtF2OPNXqjjyOdU76xSqE4vmfojPegxSFm6ckjRNgM=" Size="9391"/></File><File Name="SDK\AppxPackaging.dll.mui" Size="74240" LfhSize="55"><Block Hash="0oRh9VxeosfcZl1d9InjNKCajmUxU6rtIOZy0pWnkjg=" Size="8149"/><Block Hash="+xNtW17L9yAo394HVVhAYYd1T+K7S6px7cgjOAVmwkA=" Size="1636"/></File><File Name="SDK\AppxSip.dll" Size="323584" LfhSize="45"><Block Hash="8TbYPb0s6kx4yeEitZenOL0WFNdkYcmD1LcSupnAZGQ=" Size="30923"/><Block Hash="iR5vje1s+R0ET+pVBACXb5fQFYQA+Y2U8ZnwaZd17SQ=" Size="34143"/><Block Hash="oNn00Z4P0yxRZooTdvy1yKtTwQy24RSvjnR81czCFzI=" Size="36087"/><Block Hash="0ncBzUytrFwAq+8KhEZg42AU7T5xQnjaq83W6eNKJzM=" Size="13271"/><Block Hash="8bkPUG0oGi4DQS90hcyfQNvDgBDORxI0qegENd7IFlQ=" Size="20601"/></File><File Name="SDK\makeappx.exe" Size="489472" LfhSize="46"><Block Hash="OBlguWEwgzLmhvFhpJVGi6Kj+y3LykeuRLiohL+cmy0=" Size="34206"/><Block Hash="ll3ABswJOClQsstvwYSxnW3oAggYHYXkxpNpDqvDKwg=" Size="34654"/><Block Hash="/o/bRerFoLU4r+e+bAe87qGSS02Zd5YwBfPj7I8MXZY=" Size="33837"/><Block Hash="yv1gCI0nwpRaD98CcQVXTLhQu+7OTXoayMKbuDux8tY=" Size="17453"/><Block Hash="qolXOgvRiqeNj53jIcQBzaOyedb6OBSV9uxulRcPZz4=" Size="11711"/><Block Hash="MYhzxrCAcrk6V4apxHv7Q1AODA+v02P77p5Zgf8PioE=" Size="12258"/><Block Hash="rlmdgUI8w29WHt0kVLZkJ4wpEZDOFcyWVqDHK4h3zP8=" Size="29913"/><Block Hash="yyOhYKeEXDaIYpHtqk95yHRZZZrE1sgrf+KkKMNNHHg=" Size="13234"/></File><File Name="SDK\makepri.exe" Size="969728" LfhSize="45"><Block Hash="v4kVEUorr7IbsHqE4Htz7qdVoQvKhwkNNILz7SpL/1Y=" Size="32586"/><Block Hash="OIz5iEBbEztKXJuINaaagMIgG19EZRYvUMhziET7/kY=" Size="32329"/><Block Hash="GnG3SnE4VqqbeXmAe4j4kAZhnt3jtX1PSkhVbknH7D8=" Size="33085"/><Block Hash="mpYGVihxXMfDzz7Y5L5kAAz8oAqdYEM2EvIDdE8+rEo=" Size="33862"/><Block Hash="zy1Nr8NeNRsVLXwqbLQQq+s0k9GDvq4TYXMOJ4C+SVM=" Size="31493"/><Block Hash="Gon9NjWkLPZ2FJSy2QNS43Kj9Av+/Ea0d1254O8aa0o=" Size="32431"/><Block Hash="JwBfmbixCiujtPuSSv2x8E/anIwn6kVF99Bwnx/AqSM=" Size="33266"/><Block Hash="4wIwYNd2MTHcCKna1GW6oYcgoIuq2q9raxu7prd22Uo=" Size="35085"/><Block Hash="iyEjPRSm1WlfFGQ9y9IgdFdxaz2vhOLRSU0n3RdWqGs=" Size="35952"/><Block Hash="M4CJcPKbSoZm/k4Hpps3Q2BVkE+Ig3RQZzZArLvOmG8=" Size="34519"/><Block Hash="Y9Y8O/Vx6ufbE3+zVPYa0MhCvD3WxfWy6KgAeMXcwJA=" Size="19002"/><Block Hash="EaMEs/lbs1HbrWkzfLekHsai9TK0cHB8N0ClcdM4dco=" Size="29163"/><Block Hash="ItT8jghEGUpTy19Xrun/i1l9WtEkg9JouInH6925ufs=" Size="17190"/><Block Hash="nY8mSDhoMiTOyAU88P+0Z/eio8ACBLjaIax5b1YtJ1s=" Size="27083"/><Block Hash="gVGP6Jn7/gDsXcrb1c20Eo9akrJ8UeObTadBTyssBuc=" Size="15805"/></File><File Name="SDK\Microsoft.Diagnostics.Tracing.EventSource.dll" Size="171824" LfhSize="79"><Block Hash="NDjUdiI50wj2mWiW1V3uMtvRR0WPb98AxgC/JXIQjCc=" Size="28736"/><Block Hash="O8zKpsFXStVUTWr7FLLbuuPz/4+c/muxeq5ppQHQIVY=" Size="29286"/><Block Hash="95211kZb/ABMVUn1EHZDbKUq2gKzrnsIcjMWklpSWv0=" Size="20240"/></File><File Name="SDK\Microsoft.Extensions.CommandLineUtils.dll" Size="31224" LfhSize="75"><Block Hash="CmAtW58Q+lCGgUGqkwnbpq4QsbdySb+6ieYqPPu8Ye4=" Size="16211"/></File><File Name="SDK\Microsoft.PackageEditor.Lib.dll" Size="9216" LfhSize="65"><Block Hash="WKFYPROWlGtHzfZEPuL2VcXDeO6V/aeDqoVA5Sb44Ro=" Size="3781"/></File><File Name="SDK\Microsoft.Packaging.SDKUtils.dll" Size="106496" LfhSize="66"><Block Hash="BhfMR2GxDidXNR6Mtx7l6z03Fqu2v+t8vRaEABYLTgw=" Size="29176"/><Block Hash="1oTvn+r508RssAGJTAyusHpyg9jwbZrSwVoGiTcIpxQ=" Size="13763"/></File><File Name="SDK\Microsoft.Windows.Build.Appx.AppxPackaging.dll.manifest" Size="1755" LfhSize="89"><Block Hash="FY4f76snqJ2+JXZfB4pxRAhHs06ss5KxZigRHYG7+b8=" Size="628"/></File><File Name="SDK\Microsoft.Windows.Build.Appx.AppxSip.dll.manifest" Size="491" LfhSize="83"><Block Hash="v52twqBeRvR5+L3E69pRVoJEnP4EeUr7m4qc8S7ff04=" Size="242"/></File><File Name="SDK\Microsoft.Windows.Build.Appx.OpcServices.dll.manifest" Size="450" LfhSize="87"><Block Hash="e6vOaldrQ0xxuTeXrGloljqcI/7qVtjUX67qqBdZB+w=" Size="294"/></File><File Name="SDK\Microsoft.Windows.Build.Signing.mssign32.dll.manifest" Size="238" LfhSize="87"><Block Hash="4MZfW19a4Raru1Ztx935W2ZvyafzJ6+mdQIQCVTY1xM=" Size="166"/></File><File Name="SDK\Microsoft.Windows.Build.Signing.wintrust.dll.manifest" Size="238" LfhSize="87"><Block Hash="mm4aMW9BSOqs5pMm9fmaanrE6bWLXCIIL2YD3ZZL+tk=" Size="166"/></File><File Name="SDK\mssign32.dll" Size="94872" LfhSize="46"><Block Hash="do9T9BHHvJcOhBF8HAlsCfc+GXwfXMaE2NJf7i2vsw8=" Size="32318"/><Block Hash="VBHmVRco1Xc0YCJlGiFZh6MMmEtqGvpCLJo9zGNd9Q0=" Size="13776"/></File><File Name="SDK\OpcServices.dll" Size="1696768" LfhSize="49"><Block Hash="DqsH+yt9C1eDIJE5nQ8lbORevkYhkjV1NoBKa7ztd8A=" Size="26606"/><Block Hash="wDuTV8H8eLoqs8w3vHdT64SZDnSi7RD5IXfGlC6Glhg=" Size="28629"/><Block Hash="DF7j56dG6mGtvwbkdS9ZPC/xtfoNG2jv6ZO9m1/dUHI=" Size="26252"/><Block Hash="+a90HTQODBnKlUbGZelx7beziAzRBOLe5hrn2PK2Gbk=" Size="29248"/><Block Hash="nrsb4hgCAiKbFFoUPmP58gCZgs9gTvAFJZzsmFGeB7Y=" Size="28470"/><Block Hash="xLk2VyEt0kYeTrdn0mXx6ue8klJO6U24NaC+LTfI+1s=" Size="30503"/><Block Hash="p5owee8tRjWie5P0ny8FbLTi2su1tLZ5sjj5b8SEYds=" Size="29430"/><Block Hash="Ii2OanTBV5jhNml5bwXS1W/FuIq4LCEhE5hrAzvKKUo=" Size="25023"/><Block Hash="yoUAWKdFmgQqKJ49nkTSD2tqhGxpbwtC/n4Cw8Ig4+4=" Size="28062"/><Block Hash="iK7KlNBrAnXbDHOPlHsuRrZVtxWFGvayIWkY3jUp//s=" Size="24438"/><Block Hash="8kUUJX5XCxwZBjLXUklBoomKejwi5aQMHJg3Eu94V5s=" Size="32079"/><Block Hash="xcd1Xm4mAjNfBuVwvcc0aQW8BouUkYL1U08MC6FxuMI=" Size="32415"/><Block Hash="wchG3s96arOQ/T2QQkOy1SRZE+LaYErXWOFd6bPJhaM=" Size="31304"/><Block Hash="q7rUeqa8EwRCRJl+zt7Ebjppj8pv+DjOGruKxIh/rIM=" Size="30770"/><Block Hash="cX5PC+1twwTV/Hsn5CUcIVNKxRjqNlFsOOrUgz3HqhU=" Size="27253"/><Block Hash="pZCMG8j/GHFKb5pEhXyTN/NQ8Y6A/Y5xE/LcnpQ7njg=" Size="24785"/><Block Hash="KDC+JGDJYjnzRAFRy53xQtlUCXncYYkBpzA+98ZCLNw=" Size="23083"/><Block Hash="EPV79ztL7uJEWr7BcvovUY/HCqds7z94L6hrM7iOGmA=" Size="15787"/><Block Hash="osx056/z8yMZbJHM6hk2V4WGpTmIk8DhdHeexNf9q+M=" Size="11918"/><Block Hash="JyELlM8gHCZ7DAe2O6KFEIMQhKWacQu3wC3WoPymeKM=" Size="16294"/><Block Hash="/NFAndf5Tcn/ueHUneGpcC/mE71WXuTwcG5kclPRljc=" Size="12667"/><Block Hash="M35Nx39h5s9cHEmZ2u8Vm3i+q9o1nxzLOvGqMtWokxs=" Size="22728"/><Block Hash="oCsO408XAXCM/HSLGXmAUXYmGwmOgSnWGLt6euSsgi0=" Size="25270"/><Block Hash="g14d45tWKwB9OVkkNpAUmMjfbyMv5VsJa0UOR8WY4Jc=" Size="26499"/><Block Hash="YTr/a8anQFGidysuG1C/a5otUhFT49X9pyTc3bDOL/s=" Size="28104"/><Block Hash="apOey5flDEl5PWOQ5pN+purpwt5adSPdHw9RcmyS4bg=" Size="25480"/></File><File Name="SDK\PackageEditor.exe" Size="24576" LfhSize="51"><Block Hash="Nug7ow301D5rqnPb8nKDSWYstAx+e7ShBMMsZnfTqWc=" Size="8480"/></File><File Name="SDK\signtool.exe" Size="423880" LfhSize="46"><Block Hash="CciYRufCT6wHfBcs80JlKXEZwNkfdAXWQ7hH3H257z4=" Size="31465"/><Block Hash="4J4YqcrOTM9tVYx/bYoMHKWqs4vsswVWV+udhp/WKO8=" Size="32912"/><Block Hash="dZlvLCD/s0crHcnHdMJV2GheKPH8aMBqWHUO44rK/yw=" Size="32405"/><Block Hash="XJSJGu0hgw/VtROXgUKyfFApeEctpNEgCF0GjO1Ugos=" Size="28909"/><Block Hash="1OtQzkUZrajszKGi877NH/2/N8AIQRpEuPUqNDgu3tg=" Size="23912"/><Block Hash="vnf0ugCDr8dbJPzibN2vTnK6kf+OnN6bzq3l7ah+T5M=" Size="23354"/><Block Hash="4JuClj8YMckor61jn29cvmb1g0aM/dG+fdmuYgaSNnw=" Size="9609"/></File><File Name="SDK\signtool.exe.manifest" Size="968" LfhSize="55"><Block Hash="wado5Hs9BU7uDYq5An66EipSv2oFiuHALk3cuWz0sJ8=" Size="255"/></File><File Name="SDK\wintrust.dll" Size="316568" LfhSize="46"><Block Hash="vBVJzw1r49Vl/HCmYMdBZkSqYcsMjL3ADyOu+760D8c=" Size="32883"/><Block Hash="oF+yNj5vVC0n6WpPNlQ5aheTC00s3mo8XyCw3hSx9lA=" Size="35772"/><Block Hash="MsKFF/Ckaki2Ob5MKwc8JCXo0tgz8qB8LgYBupNv5Po=" Size="36455"/><Block Hash="0gbHXY80sPorGW/8pejwo7ej6rgvxd1oljy4Og748bQ=" Size="26706"/><Block Hash="SN1qRPgZOicHbVzJYk/PbAdIUijcoxrxp1AemR+45bY=" Size="26720"/></File><File Name="SDK\wintrust.dll.ini" Size="2081" LfhSize="50"><Block Hash="ykWMP/JdJ6fGFnTulUfxP8cMcghYPL+6dco5tAmPohw=" Size="419"/></File><File Name="System.Management.Automation.dll" Size="7154176" LfhSize="62"><Block Hash="2Zn9xBipvNOl62CaKXhSA0G5eRLqXY7hYC4JO7WvSAw=" Size="28136"/><Block Hash="XOKJZ1c+EuGKO2y8UPO5KkIyrGCr7Uqe8zRJRasjjdk=" Size="30793"/><Block Hash="DCC/K4Led9t9zdJaSyMmxnIiR4P7wdCccRFzAYTrvdo=" Size="30631"/><Block Hash="q/uApohh205ZgBQf3wXPZIMMakjRqEJdnAZUxMA5dOs=" Size="30298"/><Block Hash="dBNkFa/RaKKrBE46BgKXAgKfdAKukdpAOcEBBu3V7kY=" Size="29189"/><Block Hash="dDI7TBJmpCFaZjIc+Cub5jBiN5u074W8eqZORwXsxy0=" Size="26617"/><Block Hash="i4DLbyynwZmv2eAtzy+PMPkcNfRL0NMYGm1/sBwlW5c=" Size="21467"/><Block Hash="6NxpDiVuTRh/U9APTeqD5AD8ZaqGoK3igdM7iU1wuCE=" Size="27525"/><Block Hash="Fbql85EFHQu2OJzivopjyzm/i3gC+qD2BydrVbmFlE4=" Size="27680"/><Block Hash="u13fnSQ+S8RyISU1+S6VNom1+OA95BojgjWEP2ukKN0=" Size="27491"/><Block Hash="5zDiGNLvQHPvz550nOyT42fSEprkjcxUqsv0nME9t2U=" Size="25496"/><Block Hash="LrBg7QCWsuk63JowGQ5kp3AO+hvQY9CvgVPqwrIEGj4=" Size="26896"/><Block Hash="Jsyh+AOCM6Yk5G1NKhPPxhSUxDECrpbrlzdOH+qyFzI=" Size="27599"/><Block Hash="FToWRxNCU1re2vCcysA973nqq1AlPKb9h2z7rBRuSE0=" Size="29044"/><Block Hash="WDx79Vw/QDU7yL57qe/Ald56oCkIw7mV/cCwGMAQ+8o=" Size="27654"/><Block Hash="94f+qwX7YIalsjd3/91nAEB8BP9K7PcFbeX4k7XslnU=" Size="26003"/><Block Hash="EKpiRQkQnCWy6+UYo5SeFSmVjjVXorgd5zBn27k9LNM=" Size="27642"/><Block Hash="bgUqkOoYe2ReCmghGrFdpwrrgLllcFyIa38kJfvdIjU=" Size="29347"/><Block Hash="MsC3hfwAnzHyK7khHH/vCZBR3iPMR6GvwSCUvNog0kg=" Size="28396"/><Block Hash="s+eGHwPgBe/0RJNvu1yuvoWP2vmzbi+sHAYl5bnEaq0=" Size="27441"/><Block Hash="2M1oTi11Xe2gia0FgQyT4BQIaG5mPVVSa+PPc4ZSkR0=" Size="26911"/><Block Hash="zAvsoDXJoAePpTHlElO4bWrkKEyc/AasQz49kZV2I+I=" Size="27106"/><Block Hash="VM2FTr+8W1l9sTIENi2n1HlBvrsEPCi0eb8slJSxZ4U=" Size="27939"/><Block Hash="0PB055mCtw19uK5FR8wyIht4LJPDkoiSYehsLXUobcQ=" Size="23916"/><Block Hash="gbWD6X1h5cDd4x+BOXHUj+ntS22HPa2ff1dQnUq3/cA=" Size="25963"/><Block Hash="4ItexGRm4DEuu6aIzUond9m1kOZL2FYu+7HVmCmHEK4=" Size="26477"/><Block Hash="fOkxWHuql3F00fNLEG6y3sQDOQm6BHcarDm9YchG070=" Size="30628"/><Block Hash="saR8kpmHMhXtndxjono5yWhdN7lpfKkxUq+/tow8udA=" Size="28745"/><Block Hash="p+UC8L5FOK0KL99XQOO/j3vN8Z2I4N9kJz1ShnK+zYw=" Size="25951"/><Block Hash="nzJBVlc3aEVN6VgnYT4LVfQBoMCZtUvZ05PQL1rt2Nk=" Size="26949"/><Block Hash="YZy4KpQPRTiACrgdVjwpWXnlCQBhcNvfsGMohdsSEpE=" Size="25626"/><Block Hash="By5nzflxxZsTI2IqUXMG4k535qm/dO54kSPYFO/hZG8=" Size="15570"/><Block Hash="MqdB92uzjTclVda3IZjDdvcXvHhITs0YnlIuIHgaaDw=" Size="12278"/><Block Hash="e8VaN1NDTJELs1rSpBeiZ/20RAFemc+ETk1Ey2+iNZk=" Size="24797"/><Block Hash="orR4MReKDhmbq7KBeqvPPVbHyWJsSzBp47oGSlsGD5w=" Size="13603"/><Block Hash="O8ezmcKosMCL0npgKYUv9y/7ylLCtt1j6hrwQKZwj60=" Size="20367"/><Block Hash="oinFCNYF/xFgpFGla+FV0FnOSF1K00Tj2msh0o1xWK4=" Size="20896"/><Block Hash="AX8bHqSLjVlV9lwVBVtrzQ/RNIMCOa8AANHLg5UlNqU=" Size="19054"/><Block Hash="aEQwvl0AcTLnfDHJxIoSUgrVA4BGT7nXwB3Yk5BZe0s=" Size="21028"/><Block Hash="Nc8kCjvAQps4hpUIOJaRNzeL/kmPUzpOpewBDOI5Xg8=" Size="18716"/><Block Hash="A+2BJmEyqYZGA3NHPmebfJwM6hLCArEq2700llI68ow=" Size="24022"/><Block Hash="trkXj+cCxinywHnI2xkarmwHIJWcmMlZ6Abxp+2TB3w=" Size="26166"/><Block Hash="7DfTXR6Byu0miQ2O3vnEKxMvAOMjlxHYnlqoVZWj/rw=" Size="22921"/><Block Hash="XBFVPoj5p0LdF7z8e7dcTgL6/EFS0jhnh7RoFWq3DW0=" Size="21329"/><Block Hash="8h6p9hnZWOxHsRed/E6pfaTGnKEzTMgxcmTaDyo66DM=" Size="29639"/><Block Hash="E1BEercwIdlY8G/4E7yVBIqX0Z4lyXvHSdBU+tMC9Aw=" Size="28803"/><Block Hash="JzZt4QIThYdQ45VNF4ZGpIACg01ZxUtH5W2Fdb205Lk=" Size="28936"/><Block Hash="BnSxaS+knCsPuteGN4Qn18uGxBvaw7SCBmVoYiXvTwA=" Size="29071"/><Block Hash="QJ65MgSjRwsMhg7HEMTti05Z45L68l3S4g0TThBq0L0=" Size="28683"/><Block Hash="1qolayj8SzobpeEBCQUxi9tNy+f9v7F6Zv0fmpJP66M=" Size="29008"/><Block Hash="5sAHMeE2+2jxnlB+UyqlIjS/C2+wbtiSstts+qdCHJk=" Size="24123"/><Block Hash="OUrgnuCI7FAJn71zmmatGNozr9tdIg/gKG8CfMWmpnU=" Size="22227"/><Block Hash="WIXphKXTca0JcYrYAqh4n3QrqSiAxHfORCZUBb8H0fg=" Size="12707"/><Block Hash="wA5l/42WxYFseEeO4n3Awp/7g3KbgJMBZ8GRW6WlotY=" Size="11935"/><Block Hash="V7Z7ioAiu6J1UaQ6LNZAcjoQtbhMLkrchROl9qck9o8=" Size="12587"/><Block Hash="tjOldrNBtR14WMk2Tj48Sj7mAzkKIFldk1oZITNjx0Y=" Size="18468"/><Block Hash="5rxRM0L5qQX1yldTHBg7p/NKdO4eorzyMjAiiTzqkvQ=" Size="23464"/><Block Hash="sh/sgw8vrw/xp3uCphSIypsGpKFP9v6EMr4K2a9un4M=" Size="26367"/><Block Hash="o1yGXnBcdV2FAIxcUwLkBQBPMv2t3xG4HC46tVeySFY=" Size="14442"/><Block Hash="zUFNAuYDmnX/UhqBNNc/VdzyhllKXiMR3J6Av/D0aog=" Size="25844"/><Block Hash="pLBx1sQro9388GON+kZuc6W+6CXTrOA98lgdwPBUV70=" Size="20171"/><Block Hash="QVPZUWKAQm5O9VYOWjfY/U98Iaaj8C/4AZDd1sxX6Lo=" Size="37920"/><Block Hash="YP7N2ns86oCHO1f1L6IpPteKVkF8+KfXhkNAdFvlI0w=" Size="25197"/><Block Hash="iAPuGcAX8BycDJH8Bkn59dXcs04HQPcsRWLzGnOZr78=" Size="17711"/><Block Hash="3WfbZ7DhHPswq/XcTjxZjMu31M68b6cV13Xy0Mj5VSY=" Size="17305"/><Block Hash="XYNtEi10L7IUd8Zzso71DdEJOVksum8WGRNKYilzlVk=" Size="17896"/><Block Hash="BGnIE30O7asvWifM1fLnLVM68WgywiIHbFjpxKgiOIY=" Size="18465"/><Block Hash="zehk81ti3xQva4hgRTx9+oEsVQoqd36E85v8BTt5fb4=" Size="18087"/><Block Hash="04J0RgB9Ccq6fN4N4AABkSvRES702CFG4U0i/uZgPmw=" Size="21155"/><Block Hash="DcXMI6Hb/yo1YGxcWgQliWpZCw02RCYjOxvWAsB44TM=" Size="16740"/><Block Hash="QdlEULWi4tzOCygjU1uak6TUJxzBRoctt367C6MRcdk=" Size="12702"/><Block Hash="sq+xZpafmqBqj8RoG0TMgn6QEkC9ckl4aY3Dc7hEocs=" Size="14085"/><Block Hash="kVXNvESf1++L/Raa4wE/HYzxip7wcxqZ+4xsUqCiaVc=" Size="22773"/><Block Hash="SEvA/1Ufu7QbbGvx1jCF698dvR5NoKI3P98Udf9EGD8=" Size="18591"/><Block Hash="FOZ/nBi+4p2DWprbBCgWCrWk+b6pbAOoU1B7NIOBeIQ=" Size="14393"/><Block Hash="6093fT5rldswjeh7ekzeD9z+SRgg3txJVqF9YeD68sI=" Size="11643"/><Block Hash="E3+He0wflmW3VtLJDWoH/gPvCz8Tk9Gm2OLxB6zv6dE=" Size="11483"/><Block Hash="+VGp9IbbVOYFy6bimOhU0DFhKQypFyiCkkupUU+91ow=" Size="10640"/><Block Hash="GY28OoN8vQHxdeBKS5LhHl/GgJJ88qEeHDo6RM46sS8=" Size="8886"/><Block Hash="RLra/E2b/YgkPCnpE9pj5EoJWmvTdLeiWoZ8DZUxbnw=" Size="12560"/><Block Hash="qW8HwfNDtHInxhOW4JshOgWZ8JBiw45VC0aFCM3mFwM=" Size="14823"/><Block Hash="8ceBKrQWXxUADybXcMGsm8Y1JL/vvmrCrKGDRxxLpSw=" Size="9322"/><Block Hash="i5B40oFTs3sF2I8dCMIcrANiZZRRXK52qILSCuhVJ/I=" Size="12768"/><Block Hash="q3bn/R8qTnlthhxSWtmeVXBKBhSVCai6vyDNzYT1aig=" Size="10116"/><Block Hash="M9zqy1jAN3RhOwYc0RvvreYLr1fyAyEBdKLSi+Rnx0I=" Size="12738"/><Block Hash="5ARF4cw7Rgbi+S6EufcMS4mSmiRrPgD4l6BZ2/Y0u74=" Size="19081"/><Block Hash="fMR1BNhrVhdJGCrWpAmawl8XjySTPcEREDXoOjWWatU=" Size="19634"/><Block Hash="4SaXW8GTo5+YypZcXnqzBNqJ8zAHnww4Ohj0Jxu2niY=" Size="9084"/><Block Hash="fB+W5VXoEbWsjBnaowf3ODIsOtWPbOZmXkqsxQo3/44=" Size="16171"/><Block Hash="g4vIgkExA91HlVLpkEdTWSL81QlUafme3+jldcDn2bg=" Size="25575"/><Block Hash="d2EYekf3mLi+JuZ2hYPfRZ2XNDHhoj9tq52S/bO9bXk=" Size="20804"/><Block Hash="7rgdZARwpn4z5BrIOqVM2idn5dx4sKXEDbE1L7OFwRQ=" Size="23153"/><Block Hash="LYGTt3nKtlv4PyHlpJ0cmTvpy92iy0oN8qvsDXWZtFs=" Size="26149"/><Block Hash="LwSfKNwpzKGEJLVdmd97Yz+1q4PNQFeG4W45SRc0YJU=" Size="24174"/><Block Hash="UGVaG0zZnV423ByXo8UIw9el12EjkUnpMlijK4qrRl8=" Size="22494"/><Block Hash="LuJgH/mJ0S20bvjL2Ew7t/cojYK/1ddhoVaTUrEmj0w=" Size="20214"/><Block Hash="JgO7nDHtR0wABgjsde2Jt94YIW2DM28x+OvTH110TWw=" Size="21943"/><Block Hash="hCwl7mXc4zNTyjyH7H2Fz1lXVIKlGiFrp8Vvlxtt9xc=" Size="23615"/><Block Hash="pdAdLfc4Wr+IZDMm/biiNspP2E0gArsYFpYPIBmeidw=" Size="22244"/><Block Hash="H2c0PqgYF6GeOsWp48/C+QfEPOkiN+rvlpIdHT9oKBo=" Size="16960"/><Block Hash="jfy+VsTr9uaZRf4Cto18D809PxBL6+Rn83e4ATJFec4=" Size="13466"/><Block Hash="PPYfRiK69AQIyI+iSbdWLmalQXJFt0shqlY+Qy3nI6U=" Size="13202"/><Block Hash="V4NUvUC+yyac8yCWUzY8HMqQlRuqcb/UD5VDTIgdLks=" Size="16666"/><Block Hash="FMZi2Z0v2U9XHvYKvks1+G8G1u3lexYTg6HYm7MdSqY=" Size="11871"/><Block Hash="8zh2JYZtIUudMAxH1PSydUZBo2BEuvk+ppzKuHPYgwI=" Size="16359"/><Block Hash="Grk5zYoF6So/ImgHDF9lrolizd0Lo3VZNa6Aqg2Nueo=" Size="16544"/><Block Hash="oyV7Ts+cTyxCdYGlwuySUtOUAslDo7Y+XiF4qlFxoXw=" Size="17338"/><Block Hash="9yzMuzgHK/cKEaBHxg8DsCKMkHa/tNrP4GoWl5d+M28=" Size="16479"/><Block Hash="QxgGB4cqzBUlEwVjZqSmikD5iL1PHu6chsCyx2qTc6o=" Size="14201"/><Block Hash="AGpdQURyIu+TYw1G+aWJWTzfh59COzGlUulr7HtF9/I=" Size="2646"/></File><File Name="System.Windows.Interactivity.dll" Size="39936" LfhSize="62"><Block Hash="SqzoyKMwroQpzYzBtoBAdtOp/9YzRw+R/Ta90lu1eHY=" Size="16130"/></File><File Name="vccorlib140.dll" Size="386712" LfhSize="45"><Block Hash="wKdDjHDtPwppXU3RkkZSUZqmXESFUT9tl0rBXhdO2E4=" Size="18810"/><Block Hash="3SMWlNdZW50Z0cnWS3PTY+raHFwFIK5+hk0LdO5pP4s=" Size="21643"/><Block Hash="n/jYvB/pLeZb+3D8fWybO+rswArnCSPcBH0QvkTUqcU=" Size="26305"/><Block Hash="+icx2Z+rWV2qFYeo2+gkmxXUWPCNLTH+iVzZpwxHtI0=" Size="12206"/><Block Hash="UpOiDYA8aKc04iDxLKT2IhsUEp8kih20EseIfxo6K6s=" Size="18829"/><Block Hash="8GVM4G9Nc2ucJ13eoK+PrO0StnZN81XZcVZl1GmsKNg=" Size="22033"/></File><File Name="vcruntime140.dll" Size="89248" LfhSize="46"><Block Hash="xnmJigVuVkmyVf/YmW+OGlijnPpR4DMctRBSZR7e+kc=" Size="36177"/><Block Hash="3lFpfUXplv90OEQCozkPRVHalxvoUhMmXbndcmE1V4c=" Size="13170"/></File><File Name="zh-CN\MsixPackageTool.resources.dll" Size="78848" LfhSize="65"><Block Hash="VYuqIep3+XP0azZCKqSCCXkBPiJ7XHs/lDU1lixuuO4=" Size="21887"/><Block Hash="Oag49qBV6MPacsJL/OwHZ9Tmv40Xyh5wmPBlKdkE4ps=" Size="4400"/></File><File Name="zh-CN\MsixPackagingToolCLI.resources.dll" Size="5120" LfhSize="70"><Block Hash="WNTey6uPZhVEfTlPAFY4E55x8ADhnT5xbcXLHEehxb0=" Size="2115"/></File><File Name="zh-TW\MsixPackageTool.resources.dll" Size="79360" LfhSize="65"><Block Hash="V5l8OGgq+IDcUcoTt14OphWDmiiTILGk7+dIa0k2aio=" Size="22123"/><Block Hash="xiIyefjaclw4WuTCwhXCG6/URzlHaSGc+/8MdjUrl4A=" Size="4559"/></File><File Name="zh-TW\MsixPackagingToolCLI.resources.dll" Size="5120" LfhSize="70"><Block Hash="5N8k1pDTUU0cIizl7mhB8uTQrWrGcaQejMthQVf0KBI=" Size="2150"/></File><File Name="AppxManifest.xml" Size="4658" LfhSize="46"><Block Hash="Kun61mLkNvb5RZOORxREOPaRsTa3w8mOv9N872OVbi4=" Size="1295"/></File></BlockMap>